Date,state,cases_new,cases_recovered,cases_active,cases_child,cases_adolescent,cases_adult,cases_elderly
2020-01-25,W.P. Putrajaya,0,0,0,0,0,0,0
2020-01-26,W.P. Putrajaya,0,0,0,0,0,0,0
2020-01-27,W.P. Putrajaya,0,0,0,0,0,0,0
2020-01-28,W.P. Putrajaya,0,0,0,0,0,0,0
2020-01-29,W.P. Putrajaya,0,0,0,0,0,0,0
2020-01-30,W.P. Putrajaya,0,0,0,0,0,0,0
2020-01-31,W.P. Putrajaya,0,0,0,0,0,0,0
2020-02-01,W.P. Putrajaya,0,0,0,0,0,0,0
2020-02-02,W.P. Putrajaya,0,0,0,0,0,0,0
2020-02-03,W.P. Putrajaya,0,0,0,0,0,0,0
2020-02-04,W.P. Putrajaya,0,0,0,0,0,0,0
2020-02-05,W.P. Putrajaya,0,0,0,0,0,0,0
2020-02-06,W.P. Putrajaya,0,0,0,0,0,0,0
2020-02-07,W.P. Putrajaya,0,0,0,0,0,0,0
2020-02-08,W.P. Putrajaya,0,0,0,0,0,0,0
2020-02-09,W.P. Putrajaya,0,0,0,0,0,0,0
2020-02-10,W.P. Putrajaya,0,0,0,0,0,0,0
2020-02-11,W.P. Putrajaya,0,0,0,0,0,0,0
2020-02-12,W.P. Putrajaya,0,0,0,0,0,0,0
2020-02-13,W.P. Putrajaya,0,0,0,0,0,0,0
2020-02-14,W.P. Putrajaya,0,0,0,0,0,0,0
2020-02-15,W.P. Putrajaya,0,0,0,0,0,0,0
2020-02-16,W.P. Putrajaya,0,0,0,0,0,0,0
2020-02-17,W.P. Putrajaya,0,0,0,0,0,0,0
2020-02-18,W.P. Putrajaya,0,0,0,0,0,0,0
2020-02-19,W.P. Putrajaya,0,0,0,0,0,0,0
2020-02-20,W.P. Putrajaya,0,0,0,0,0,0,0
2020-02-21,W.P. Putrajaya,0,0,0,0,0,0,0
2020-02-22,W.P. Putrajaya,0,0,0,0,0,0,0
2020-02-23,W.P. Putrajaya,0,0,0,0,0,0,0
2020-02-24,W.P. Putrajaya,0,0,0,0,0,0,0
2020-02-25,W.P. Putrajaya,0,0,0,0,0,0,0
2020-02-26,W.P. Putrajaya,0,0,0,0,0,0,0
2020-02-27,W.P. Putrajaya,0,0,0,0,0,0,0
2020-02-28,W.P. Putrajaya,0,0,0,0,0,0,0
2020-02-29,W.P. Putrajaya,0,0,0,0,0,0,0
2020-03-01,W.P. Putrajaya,0,0,0,0,0,0,0
2020-03-02,W.P. Putrajaya,0,0,0,0,0,0,0
2020-03-03,W.P. Putrajaya,1,0,1,0,0,1,0
2020-03-04,W.P. Putrajaya,1,0,2,0,0,1,0
2020-03-05,W.P. Putrajaya,0,0,2,0,0,0,0
2020-03-06,W.P. Putrajaya,0,0,2,0,0,0,0
2020-03-07,W.P. Putrajaya,0,0,2,0,0,0,0
2020-03-08,W.P. Putrajaya,0,0,2,0,0,0,0
2020-03-09,W.P. Putrajaya,0,0,2,0,0,0,0
2020-03-10,W.P. Putrajaya,0,0,2,0,0,0,0
2020-03-11,W.P. Putrajaya,0,0,2,0,0,0,0
2020-03-12,W.P. Putrajaya,0,0,2,0,0,0,0
2020-03-13,W.P. Putrajaya,0,0,2,0,0,0,0
2020-03-14,W.P. Putrajaya,0,1,1,0,0,0,0
2020-03-15,W.P. Putrajaya,1,0,2,0,0,1,0
2020-03-16,W.P. Putrajaya,3,0,5,0,0,2,1
2020-03-17,W.P. Putrajaya,0,0,5,0,0,0,0
2020-03-18,W.P. Putrajaya,1,0,6,0,0,1,0
2020-03-19,W.P. Putrajaya,0,0,6,0,0,0,0
2020-03-20,W.P. Putrajaya,0,0,6,0,0,0,0
2020-03-21,W.P. Putrajaya,2,0,8,0,0,1,1
2020-03-22,W.P. Putrajaya,2,1,9,0,0,2,0
2020-03-23,W.P. Putrajaya,2,0,11,0,0,2,0
2020-03-24,W.P. Putrajaya,2,1,12,0,0,2,0
2020-03-25,W.P. Putrajaya,1,2,11,0,0,1,0
2020-03-26,W.P. Putrajaya,2,0,13,0,0,2,0
2020-03-27,W.P. Putrajaya,2,0,14,0,0,1,1
2020-03-28,W.P. Putrajaya,0,0,14,0,0,0,0
2020-03-29,W.P. Putrajaya,2,0,16,0,0,2,0
2020-03-30,W.P. Putrajaya,3,0,19,1,0,1,1
2020-03-31,W.P. Putrajaya,2,0,21,0,0,2,0
2020-04-01,W.P. Putrajaya,0,0,21,0,0,0,0
2020-04-02,W.P. Putrajaya,7,1,27,3,0,3,1
2020-04-03,W.P. Putrajaya,1,1,27,0,0,0,0
2020-04-04,W.P. Putrajaya,1,2,26,0,0,1,0
2020-04-05,W.P. Putrajaya,1,0,27,0,0,1,0
2020-04-06,W.P. Putrajaya,4,3,28,0,0,4,0
2020-04-07,W.P. Putrajaya,2,0,30,0,0,2,0
2020-04-08,W.P. Putrajaya,2,0,32,0,1,1,0
2020-04-09,W.P. Putrajaya,2,0,34,1,0,1,0
2020-04-10,W.P. Putrajaya,2,6,30,0,0,1,0
2020-04-11,W.P. Putrajaya,2,5,27,0,0,2,0
2020-04-12,W.P. Putrajaya,1,1,27,0,0,0,1
2020-04-13,W.P. Putrajaya,2,0,29,0,1,1,0
2020-04-14,W.P. Putrajaya,0,3,26,0,0,0,0
2020-04-15,W.P. Putrajaya,0,3,23,0,0,0,0
2020-04-16,W.P. Putrajaya,1,1,23,0,0,0,1
2020-04-17,W.P. Putrajaya,0,1,22,0,0,0,0
2020-04-18,W.P. Putrajaya,0,1,21,0,0,0,0
2020-04-19,W.P. Putrajaya,9,1,29,0,1,8,0
2020-04-20,W.P. Putrajaya,13,0,42,0,1,12,0
2020-04-21,W.P. Putrajaya,0,0,42,0,0,0,0
2020-04-22,W.P. Putrajaya,1,1,42,0,0,1,0
2020-04-23,W.P. Putrajaya,0,0,42,0,0,0,0
2020-04-24,W.P. Putrajaya,0,5,37,0,0,0,0
2020-04-25,W.P. Putrajaya,0,6,31,0,0,0,0
2020-04-26,W.P. Putrajaya,1,1,31,0,0,1,0
2020-04-27,W.P. Putrajaya,0,0,31,0,0,0,0
2020-04-28,W.P. Putrajaya,1,0,32,0,0,0,1
2020-04-29,W.P. Putrajaya,0,0,32,0,0,0,0
2020-04-30,W.P. Putrajaya,1,1,32,0,0,1,0
2020-05-01,W.P. Putrajaya,4,0,36,0,1,3,0
2020-05-02,W.P. Putrajaya,0,3,33,0,0,0,0
2020-05-03,W.P. Putrajaya,1,0,34,0,0,1,0
2020-05-04,W.P. Putrajaya,0,0,34,0,0,0,0
2020-05-05,W.P. Putrajaya,0,3,31,0,0,0,0
2020-05-06,W.P. Putrajaya,0,9,22,0,0,0,0
2020-05-07,W.P. Putrajaya,0,0,22,0,0,0,0
2020-05-08,W.P. Putrajaya,1,1,22,0,0,1,0
2020-05-09,W.P. Putrajaya,1,3,20,0,0,1,0
2020-05-10,W.P. Putrajaya,0,2,18,0,0,0,0
2020-05-11,W.P. Putrajaya,1,5,14,0,0,1,0
2020-05-12,W.P. Putrajaya,0,4,10,0,0,0,0
2020-05-13,W.P. Putrajaya,0,0,10,0,0,0,0
2020-05-14,W.P. Putrajaya,0,1,9,0,0,0,0
2020-05-15,W.P. Putrajaya,0,0,9,0,0,0,0
2020-05-16,W.P. Putrajaya,1,0,10,0,0,1,0
2020-05-17,W.P. Putrajaya,0,1,9,0,0,0,0
2020-05-18,W.P. Putrajaya,1,1,9,0,0,1,0
2020-05-19,W.P. Putrajaya,0,0,9,0,0,0,0
2020-05-20,W.P. Putrajaya,2,1,10,0,0,2,0
2020-05-21,W.P. Putrajaya,0,0,10,0,0,0,0
2020-05-22,W.P. Putrajaya,0,0,10,0,0,0,0
2020-05-23,W.P. Putrajaya,0,0,10,0,0,0,0
2020-05-24,W.P. Putrajaya,0,1,9,0,0,0,0
2020-05-25,W.P. Putrajaya,0,0,9,0,0,0,0
2020-05-26,W.P. Putrajaya,0,0,9,0,0,0,0
2020-05-27,W.P. Putrajaya,0,0,9,0,0,0,0
2020-05-28,W.P. Putrajaya,0,0,9,0,0,0,0
2020-05-29,W.P. Putrajaya,0,0,9,0,0,0,0
2020-05-30,W.P. Putrajaya,4,1,12,0,0,2,0
2020-05-31,W.P. Putrajaya,0,0,12,0,0,0,0
2020-06-01,W.P. Putrajaya,0,0,12,0,0,0,0
2020-06-02,W.P. Putrajaya,0,1,11,0,0,0,0
2020-06-03,W.P. Putrajaya,0,0,11,0,0,0,0
2020-06-04,W.P. Putrajaya,0,0,11,0,0,0,0
2020-06-05,W.P. Putrajaya,0,0,11,0,0,0,0
2020-06-06,W.P. Putrajaya,0,0,11,0,0,0,0
2020-06-07,W.P. Putrajaya,0,0,11,0,0,0,0
2020-06-08,W.P. Putrajaya,0,0,11,0,0,0,0
2020-06-09,W.P. Putrajaya,0,0,11,0,0,0,0
2020-06-10,W.P. Putrajaya,0,0,11,0,0,0,0
2020-06-11,W.P. Putrajaya,0,0,11,0,0,0,0
2020-06-12,W.P. Putrajaya,0,0,11,0,0,0,0
2020-06-13,W.P. Putrajaya,0,0,11,0,0,0,0
2020-06-14,W.P. Putrajaya,0,2,9,0,0,0,0
2020-06-15,W.P. Putrajaya,0,0,9,0,0,0,0
2020-06-16,W.P. Putrajaya,0,1,8,0,0,0,0
2020-06-17,W.P. Putrajaya,0,2,6,0,0,0,0
2020-06-18,W.P. Putrajaya,0,2,4,0,0,0,0
2020-06-19,W.P. Putrajaya,0,1,3,0,0,0,0
2020-06-20,W.P. Putrajaya,0,2,1,0,0,0,0
2020-06-21,W.P. Putrajaya,0,0,1,0,0,0,0
2020-06-22,W.P. Putrajaya,0,0,1,0,0,0,0
2020-06-23,W.P. Putrajaya,0,0,1,0,0,0,0
2020-06-24,W.P. Putrajaya,0,1,0,0,0,0,0
2020-06-25,W.P. Putrajaya,0,0,0,0,0,0,0
2020-06-26,W.P. Putrajaya,0,0,0,0,0,0,0
2020-06-27,W.P. Putrajaya,0,0,0,0,0,0,0
2020-06-28,W.P. Putrajaya,0,0,0,0,0,0,0
2020-06-29,W.P. Putrajaya,0,0,0,0,0,0,0
2020-06-30,W.P. Putrajaya,0,0,0,0,0,0,0
2020-07-01,W.P. Putrajaya,0,0,0,0,0,0,0
2020-07-02,W.P. Putrajaya,0,0,0,0,0,0,0
2020-07-03,W.P. Putrajaya,0,0,0,0,0,0,0
2020-07-04,W.P. Putrajaya,0,0,0,0,0,0,0
2020-07-05,W.P. Putrajaya,0,0,0,0,0,0,0
2020-07-06,W.P. Putrajaya,0,0,0,0,0,0,0
2020-07-07,W.P. Putrajaya,0,0,0,0,0,0,0
2020-07-08,W.P. Putrajaya,0,0,0,0,0,0,0
2020-07-09,W.P. Putrajaya,0,0,0,0,0,0,0
2020-07-10,W.P. Putrajaya,0,0,0,0,0,0,0
2020-07-11,W.P. Putrajaya,0,0,0,0,0,0,0
2020-07-12,W.P. Putrajaya,1,0,1,0,0,1,0
2020-07-13,W.P. Putrajaya,0,0,1,0,0,0,0
2020-07-14,W.P. Putrajaya,0,0,1,0,0,0,0
2020-07-15,W.P. Putrajaya,0,0,1,0,0,0,0
2020-07-16,W.P. Putrajaya,0,0,1,0,0,0,0
2020-07-17,W.P. Putrajaya,0,0,1,0,0,0,0
2020-07-18,W.P. Putrajaya,0,0,1,0,0,0,0
2020-07-19,W.P. Putrajaya,0,0,1,0,0,0,0
2020-07-20,W.P. Putrajaya,0,0,1,0,0,0,0
2020-07-21,W.P. Putrajaya,0,0,1,0,0,0,0
2020-07-22,W.P. Putrajaya,0,0,1,0,0,0,0
2020-07-23,W.P. Putrajaya,0,0,1,0,0,0,0
2020-07-24,W.P. Putrajaya,0,0,1,0,0,0,0
2020-07-25,W.P. Putrajaya,0,1,0,0,0,0,0
2020-07-26,W.P. Putrajaya,0,0,0,0,0,0,0
2020-07-27,W.P. Putrajaya,0,0,0,0,0,0,0
2020-07-28,W.P. Putrajaya,0,0,0,0,0,0,0
2020-07-29,W.P. Putrajaya,0,0,0,0,0,0,0
2020-07-30,W.P. Putrajaya,0,0,0,0,0,0,0
2020-07-31,W.P. Putrajaya,0,0,0,0,0,0,0
2020-08-01,W.P. Putrajaya,0,0,0,0,0,0,0
2020-08-02,W.P. Putrajaya,0,0,0,0,0,0,0
2020-08-03,W.P. Putrajaya,0,0,0,0,0,0,0
2020-08-04,W.P. Putrajaya,0,0,0,0,0,0,0
2020-08-05,W.P. Putrajaya,0,0,0,0,0,0,0
2020-08-06,W.P. Putrajaya,0,0,0,0,0,0,0
2020-08-07,W.P. Putrajaya,0,0,0,0,0,0,0
2020-08-08,W.P. Putrajaya,0,0,0,0,0,0,0
2020-08-09,W.P. Putrajaya,1,0,1,0,0,1,0
2020-08-10,W.P. Putrajaya,0,0,1,0,0,0,0
2020-08-11,W.P. Putrajaya,0,0,1,0,0,0,0
2020-08-12,W.P. Putrajaya,0,0,1,0,0,0,0
2020-08-13,W.P. Putrajaya,0,0,1,0,0,0,0
2020-08-14,W.P. Putrajaya,0,0,1,0,0,0,0
2020-08-15,W.P. Putrajaya,0,0,1,0,0,0,0
2020-08-16,W.P. Putrajaya,0,0,1,0,0,0,0
2020-08-17,W.P. Putrajaya,0,0,1,0,0,0,0
2020-08-18,W.P. Putrajaya,0,0,1,0,0,0,0
2020-08-19,W.P. Putrajaya,0,0,1,0,0,0,0
2020-08-20,W.P. Putrajaya,0,0,1,0,0,0,0
2020-08-21,W.P. Putrajaya,0,1,0,0,0,0,0
2020-08-22,W.P. Putrajaya,0,0,0,0,0,0,0
2020-08-23,W.P. Putrajaya,0,0,0,0,0,0,0
2020-08-24,W.P. Putrajaya,0,0,0,0,0,0,0
2020-08-25,W.P. Putrajaya,0,0,0,0,0,0,0
2020-08-26,W.P. Putrajaya,0,0,0,0,0,0,0
2020-08-27,W.P. Putrajaya,0,0,0,0,0,0,0
2020-08-28,W.P. Putrajaya,0,0,0,0,0,0,0
2020-08-29,W.P. Putrajaya,0,0,0,0,0,0,0
2020-08-30,W.P. Putrajaya,0,0,0,0,0,0,0
2020-08-31,W.P. Putrajaya,0,0,0,0,0,0,0
2020-09-01,W.P. Putrajaya,0,0,0,0,0,0,0
2020-09-02,W.P. Putrajaya,0,0,0,0,0,0,0
2020-09-03,W.P. Putrajaya,0,0,0,0,0,0,0
2020-09-04,W.P. Putrajaya,0,0,0,0,0,0,0
2020-09-05,W.P. Putrajaya,0,0,0,0,0,0,0
2020-09-06,W.P. Putrajaya,0,0,0,0,0,0,0
2020-09-07,W.P. Putrajaya,0,0,0,0,0,0,0
2020-09-08,W.P. Putrajaya,0,0,0,0,0,0,0
2020-09-09,W.P. Putrajaya,0,0,0,0,0,0,0
2020-09-10,W.P. Putrajaya,0,0,0,0,0,0,0
2020-09-11,W.P. Putrajaya,0,0,0,0,0,0,0
2020-09-12,W.P. Putrajaya,0,0,0,0,0,0,0
2020-09-13,W.P. Putrajaya,0,0,0,0,0,0,0
2020-09-14,W.P. Putrajaya,0,0,0,0,0,0,0
2020-09-15,W.P. Putrajaya,0,0,0,0,0,0,0
2020-09-16,W.P. Putrajaya,0,0,0,0,0,0,0
2020-09-17,W.P. Putrajaya,0,0,0,0,0,0,0
2020-09-18,W.P. Putrajaya,0,0,0,0,0,0,0
2020-09-19,W.P. Putrajaya,0,0,0,0,0,0,0
2020-09-20,W.P. Putrajaya,0,0,0,0,0,0,0
2020-09-21,W.P. Putrajaya,0,0,0,0,0,0,0
2020-09-22,W.P. Putrajaya,0,0,0,0,0,0,0
2020-09-23,W.P. Putrajaya,0,0,0,0,0,0,0
2020-09-24,W.P. Putrajaya,0,0,0,0,0,0,0
2020-09-25,W.P. Putrajaya,0,0,0,0,0,0,0
2020-09-26,W.P. Putrajaya,0,0,0,0,0,0,0
2020-09-27,W.P. Putrajaya,0,0,0,0,0,0,0
2020-09-28,W.P. Putrajaya,0,0,0,0,0,0,0
2020-09-29,W.P. Putrajaya,1,0,1,0,0,1,0
2020-09-30,W.P. Putrajaya,0,0,1,0,0,0,0
2020-10-01,W.P. Putrajaya,5,0,6,3,0,2,0
2020-10-02,W.P. Putrajaya,0,0,6,0,0,0,0
2020-10-03,W.P. Putrajaya,2,0,8,0,0,2,0
2020-10-04,W.P. Putrajaya,0,0,8,0,0,0,0
2020-10-05,W.P. Putrajaya,2,0,10,0,0,1,1
2020-10-06,W.P. Putrajaya,1,0,11,0,0,1,0
2020-10-07,W.P. Putrajaya,2,0,13,0,0,2,0
2020-10-08,W.P. Putrajaya,2,0,15,1,0,1,0
2020-10-09,W.P. Putrajaya,2,0,17,1,0,1,0
2020-10-10,W.P. Putrajaya,1,0,18,1,0,0,0
2020-10-11,W.P. Putrajaya,0,6,12,0,0,0,0
2020-10-12,W.P. Putrajaya,2,0,14,0,0,2,0
2020-10-13,W.P. Putrajaya,0,0,14,0,0,0,0
2020-10-14,W.P. Putrajaya,1,0,15,0,0,1,0
2020-10-15,W.P. Putrajaya,1,1,15,0,0,1,0
2020-10-16,W.P. Putrajaya,2,0,17,1,0,1,0
2020-10-17,W.P. Putrajaya,2,4,15,0,0,2,0
2020-10-18,W.P. Putrajaya,0,0,15,0,0,0,0
2020-10-19,W.P. Putrajaya,3,1,17,0,0,3,0
2020-10-20,W.P. Putrajaya,1,1,17,0,0,1,0
2020-10-21,W.P. Putrajaya,6,3,20,2,1,2,1
2020-10-22,W.P. Putrajaya,4,0,24,1,1,2,0
2020-10-23,W.P. Putrajaya,0,1,23,0,0,0,0
2020-10-24,W.P. Putrajaya,0,1,22,0,0,0,0
2020-10-25,W.P. Putrajaya,1,1,22,1,0,0,0
2020-10-26,W.P. Putrajaya,0,2,20,0,0,0,0
2020-10-27,W.P. Putrajaya,1,1,20,1,0,0,0
2020-10-28,W.P. Putrajaya,0,0,20,0,0,0,0
2020-10-29,W.P. Putrajaya,1,1,20,0,0,1,0
2020-10-30,W.P. Putrajaya,1,7,14,0,0,1,0
2020-10-31,W.P. Putrajaya,4,0,18,0,0,4,0
2020-11-01,W.P. Putrajaya,1,0,19,0,0,1,0
2020-11-02,W.P. Putrajaya,6,0,25,0,1,5,0
2020-11-03,W.P. Putrajaya,3,1,27,0,2,1,0
2020-11-04,W.P. Putrajaya,4,3,28,1,0,2,1
2020-11-05,W.P. Putrajaya,1,4,25,0,0,1,0
2020-11-06,W.P. Putrajaya,9,5,29,1,0,7,1
2020-11-07,W.P. Putrajaya,0,0,29,0,0,0,0
2020-11-08,W.P. Putrajaya,2,3,28,0,0,1,1
2020-11-09,W.P. Putrajaya,5,4,29,0,0,5,0
2020-11-10,W.P. Putrajaya,3,1,31,0,0,3,0
2020-11-11,W.P. Putrajaya,3,8,26,0,0,2,1
2020-11-12,W.P. Putrajaya,1,6,21,0,0,1,0
2020-11-13,W.P. Putrajaya,1,4,18,0,0,1,0
2020-11-14,W.P. Putrajaya,4,0,22,2,0,2,0
2020-11-15,W.P. Putrajaya,1,3,20,0,0,1,0
2020-11-16,W.P. Putrajaya,1,1,20,0,0,0,1
2020-11-17,W.P. Putrajaya,2,0,22,0,0,2,0
2020-11-18,W.P. Putrajaya,1,0,23,0,0,1,0
2020-11-19,W.P. Putrajaya,0,3,20,0,0,0,0
2020-11-20,W.P. Putrajaya,1,0,21,0,0,1,0
2020-11-21,W.P. Putrajaya,0,6,15,0,0,0,0
2020-11-22,W.P. Putrajaya,1,0,16,0,0,1,0
2020-11-23,W.P. Putrajaya,1,2,15,0,0,1,0
2020-11-24,W.P. Putrajaya,0,7,8,0,0,0,0
2020-11-25,W.P. Putrajaya,1,0,9,0,0,1,0
2020-11-26,W.P. Putrajaya,5,1,13,0,0,5,0
2020-11-27,W.P. Putrajaya,0,0,13,0,0,0,0
2020-11-28,W.P. Putrajaya,0,0,13,0,0,0,0
2020-11-29,W.P. Putrajaya,0,1,12,0,0,0,0
2020-11-30,W.P. Putrajaya,1,1,12,0,0,1,0
2020-12-01,W.P. Putrajaya,0,0,12,0,0,0,0
2020-12-02,W.P. Putrajaya,0,1,11,0,0,0,0
2020-12-03,W.P. Putrajaya,0,1,9,0,0,0,0
2020-12-04,W.P. Putrajaya,2,3,8,0,0,2,0
2020-12-05,W.P. Putrajaya,4,2,10,1,0,3,0
2020-12-06,W.P. Putrajaya,0,1,9,0,0,0,0
2020-12-07,W.P. Putrajaya,0,0,9,0,0,0,0
2020-12-08,W.P. Putrajaya,1,1,9,1,0,0,0
2020-12-09,W.P. Putrajaya,0,0,9,0,0,0,0
2020-12-10,W.P. Putrajaya,1,0,10,0,0,1,0
2020-12-11,W.P. Putrajaya,2,1,11,0,0,2,0
2020-12-12,W.P. Putrajaya,0,1,10,0,0,0,0
2020-12-13,W.P. Putrajaya,0,2,8,0,0,0,0
2020-12-14,W.P. Putrajaya,1,0,9,0,0,1,0
2020-12-15,W.P. Putrajaya,0,3,6,0,0,0,0
2020-12-16,W.P. Putrajaya,4,0,10,0,0,4,0
2020-12-17,W.P. Putrajaya,2,1,11,0,0,2,0
2020-12-18,W.P. Putrajaya,6,4,13,2,0,4,0
2020-12-19,W.P. Putrajaya,4,0,17,0,0,3,1
2020-12-20,W.P. Putrajaya,2,1,18,0,0,2,0
2020-12-21,W.P. Putrajaya,5,1,22,0,0,5,0
2020-12-22,W.P. Putrajaya,2,2,22,0,0,2,0
2020-12-23,W.P. Putrajaya,4,1,25,0,0,4,0
2020-12-24,W.P. Putrajaya,4,1,28,0,0,4,0
2020-12-25,W.P. Putrajaya,7,1,34,0,0,7,0
2020-12-26,W.P. Putrajaya,3,6,31,0,0,3,0
2020-12-27,W.P. Putrajaya,6,1,36,1,0,4,1
2020-12-28,W.P. Putrajaya,9,6,39,1,0,6,2
2020-12-29,W.P. Putrajaya,2,3,37,0,0,2,0
2020-12-30,W.P. Putrajaya,1,0,38,0,0,1,0
2020-12-31,W.P. Putrajaya,5,4,39,0,0,4,1
2021-01-01,W.P. Putrajaya,4,5,38,0,0,3,1
2021-01-02,W.P. Putrajaya,12,3,47,3,0,8,1
2021-01-03,W.P. Putrajaya,17,1,63,0,2,13,2
2021-01-04,W.P. Putrajaya,6,11,58,0,0,6,0
2021-01-05,W.P. Putrajaya,13,3,68,2,2,9,0
2021-01-06,W.P. Putrajaya,9,2,75,0,0,7,2
2021-01-07,W.P. Putrajaya,17,3,88,1,4,11,1
2021-01-08,W.P. Putrajaya,20,2,106,3,2,13,2
2021-01-09,W.P. Putrajaya,17,9,113,4,1,11,1
2021-01-10,W.P. Putrajaya,10,6,117,1,0,9,0
2021-01-11,W.P. Putrajaya,13,0,130,4,3,6,0
2021-01-12,W.P. Putrajaya,36,9,157,8,1,26,1
2021-01-13,W.P. Putrajaya,11,3,165,1,0,10,0
2021-01-14,W.P. Putrajaya,24,10,178,4,0,18,2
2021-01-15,W.P. Putrajaya,24,22,180,7,1,14,2
2021-01-16,W.P. Putrajaya,35,12,203,4,2,29,0
2021-01-17,W.P. Putrajaya,23,13,213,4,0,17,2
2021-01-18,W.P. Putrajaya,15,9,219,0,0,14,1
2021-01-19,W.P. Putrajaya,26,30,215,1,0,24,1
2021-01-20,W.P. Putrajaya,23,6,232,1,1,21,0
2021-01-21,W.P. Putrajaya,33,15,250,3,2,26,2
2021-01-22,W.P. Putrajaya,39,30,259,5,2,29,3
2021-01-23,W.P. Putrajaya,35,13,281,6,6,23,0
2021-01-24,W.P. Putrajaya,38,22,297,4,1,33,0
2021-01-25,W.P. Putrajaya,22,14,305,4,3,15,0
2021-01-26,W.P. Putrajaya,15,35,285,1,0,13,1
2021-01-27,W.P. Putrajaya,19,19,285,1,0,17,1
2021-01-28,W.P. Putrajaya,10,48,247,0,0,10,0
2021-01-29,W.P. Putrajaya,16,25,238,3,0,10,3
2021-01-30,W.P. Putrajaya,12,22,228,3,1,7,1
2021-01-31,W.P. Putrajaya,6,52,182,0,0,6,0
2021-02-01,W.P. Putrajaya,10,25,167,0,0,9,1
2021-02-02,W.P. Putrajaya,6,21,152,0,0,5,1
2021-02-03,W.P. Putrajaya,14,17,149,1,2,11,0
2021-02-04,W.P. Putrajaya,20,13,156,0,0,17,3
2021-02-05,W.P. Putrajaya,6,6,156,0,0,6,0
2021-02-06,W.P. Putrajaya,8,9,155,0,0,8,0
2021-02-07,W.P. Putrajaya,9,25,139,0,0,9,0
2021-02-08,W.P. Putrajaya,8,3,144,0,0,8,0
2021-02-09,W.P. Putrajaya,10,22,132,0,2,8,0
2021-02-10,W.P. Putrajaya,4,16,119,2,0,2,0
2021-02-11,W.P. Putrajaya,7,16,110,2,1,3,1
2021-02-12,W.P. Putrajaya,6,4,112,1,2,3,0
2021-02-13,W.P. Putrajaya,3,6,109,0,0,3,0
2021-02-14,W.P. Putrajaya,4,21,92,0,0,4,0
2021-02-15,W.P. Putrajaya,7,11,88,3,0,4,0
2021-02-16,W.P. Putrajaya,6,17,77,0,0,5,1
2021-02-17,W.P. Putrajaya,2,2,77,0,0,2,0
2021-02-18,W.P. Putrajaya,7,12,72,0,0,6,1
2021-02-19,W.P. Putrajaya,3,12,62,0,1,2,0
2021-02-20,W.P. Putrajaya,13,13,62,0,0,13,0
2021-02-21,W.P. Putrajaya,7,4,65,0,0,7,0
2021-02-22,W.P. Putrajaya,7,11,61,2,1,4,0
2021-02-23,W.P. Putrajaya,4,10,55,2,1,1,0
2021-02-24,W.P. Putrajaya,1,5,51,0,0,1,0
2021-02-25,W.P. Putrajaya,2,5,48,0,0,2,0
2021-02-26,W.P. Putrajaya,0,8,40,0,0,0,0
2021-02-27,W.P. Putrajaya,4,3,41,0,0,3,1
2021-02-28,W.P. Putrajaya,3,3,41,0,0,2,1
2021-03-01,W.P. Putrajaya,6,8,39,0,0,4,1
2021-03-02,W.P. Putrajaya,1,4,36,0,0,1,0
2021-03-03,W.P. Putrajaya,3,1,38,0,0,2,1
2021-03-04,W.P. Putrajaya,7,1,44,2,0,5,0
2021-03-05,W.P. Putrajaya,4,1,47,1,0,3,0
2021-03-06,W.P. Putrajaya,2,10,39,0,0,2,0
2021-03-07,W.P. Putrajaya,2,2,39,2,0,0,0
2021-03-08,W.P. Putrajaya,1,12,28,0,0,1,0
2021-03-09,W.P. Putrajaya,3,7,24,0,0,3,0
2021-03-10,W.P. Putrajaya,0,1,23,0,0,0,0
2021-03-11,W.P. Putrajaya,2,8,17,0,0,2,0
2021-03-12,W.P. Putrajaya,4,2,19,0,0,4,0
2021-03-13,W.P. Putrajaya,4,2,21,0,0,4,0
2021-03-14,W.P. Putrajaya,2,3,20,0,0,2,0
2021-03-15,W.P. Putrajaya,1,0,21,0,0,1,0
2021-03-16,W.P. Putrajaya,0,1,20,0,0,0,0
2021-03-17,W.P. Putrajaya,5,4,21,1,2,2,0
2021-03-18,W.P. Putrajaya,0,0,21,0,0,0,0
2021-03-19,W.P. Putrajaya,1,3,19,0,0,1,0
2021-03-20,W.P. Putrajaya,0,4,15,0,0,0,0
2021-03-21,W.P. Putrajaya,3,3,15,0,0,3,0
2021-03-22,W.P. Putrajaya,5,2,18,0,0,5,0
2021-03-23,W.P. Putrajaya,0,0,18,0,0,0,0
2021-03-24,W.P. Putrajaya,6,1,23,1,0,5,0
2021-03-25,W.P. Putrajaya,8,5,26,1,0,7,0
2021-03-26,W.P. Putrajaya,2,0,28,0,0,2,0
2021-03-27,W.P. Putrajaya,1,1,28,0,0,1,0
2021-03-28,W.P. Putrajaya,2,2,28,0,0,1,1
2021-03-29,W.P. Putrajaya,1,1,28,0,0,1,0
2021-03-30,W.P. Putrajaya,1,0,29,0,0,1,0
2021-03-31,W.P. Putrajaya,3,0,32,0,1,2,0
2021-04-01,W.P. Putrajaya,1,1,32,0,0,1,0
2021-04-02,W.P. Putrajaya,5,1,36,0,1,4,0
2021-04-03,W.P. Putrajaya,7,3,40,0,0,7,0
2021-04-04,W.P. Putrajaya,17,4,53,0,1,16,0
2021-04-05,W.P. Putrajaya,8,0,61,4,0,3,1
2021-04-06,W.P. Putrajaya,3,1,63,0,1,2,0
2021-04-07,W.P. Putrajaya,0,6,57,0,0,0,0
2021-04-08,W.P. Putrajaya,19,8,68,1,0,18,0
2021-04-09,W.P. Putrajaya,6,2,72,1,0,4,1
2021-04-10,W.P. Putrajaya,10,3,79,0,3,7,0
2021-04-11,W.P. Putrajaya,11,1,89,1,3,7,0
2021-04-12,W.P. Putrajaya,9,0,98,0,0,9,0
2021-04-13,W.P. Putrajaya,7,8,97,3,0,4,0
2021-04-14,W.P. Putrajaya,8,5,100,2,1,4,1
2021-04-15,W.P. Putrajaya,8,5,103,3,0,5,0
2021-04-16,W.P. Putrajaya,6,13,96,1,1,4,0
2021-04-17,W.P. Putrajaya,4,12,88,0,1,3,0
2021-04-18,W.P. Putrajaya,3,9,82,0,0,3,0
2021-04-19,W.P. Putrajaya,2,16,68,0,0,2,0
2021-04-20,W.P. Putrajaya,3,3,68,1,0,2,0
2021-04-21,W.P. Putrajaya,6,12,62,0,0,4,2
2021-04-22,W.P. Putrajaya,10,9,63,1,0,9,0
2021-04-23,W.P. Putrajaya,14,7,70,3,0,11,0
2021-04-24,W.P. Putrajaya,11,11,70,2,0,9,0
2021-04-25,W.P. Putrajaya,5,7,68,0,0,5,0
2021-04-26,W.P. Putrajaya,7,9,66,0,2,5,0
2021-04-27,W.P. Putrajaya,15,8,73,4,2,9,0
2021-04-28,W.P. Putrajaya,13,1,85,8,0,4,1
2021-04-29,W.P. Putrajaya,9,3,91,3,0,6,0
2021-04-30,W.P. Putrajaya,2,12,81,0,0,1,1
2021-05-01,W.P. Putrajaya,3,13,71,0,0,3,0
2021-05-02,W.P. Putrajaya,8,4,75,3,0,5,0
2021-05-03,W.P. Putrajaya,3,4,74,0,0,3,0
2021-05-04,W.P. Putrajaya,11,6,79,2,0,8,1
2021-05-05,W.P. Putrajaya,11,2,88,0,0,9,2
2021-05-06,W.P. Putrajaya,12,7,93,2,0,10,0
2021-05-07,W.P. Putrajaya,8,9,92,0,1,6,1
2021-05-08,W.P. Putrajaya,12,9,95,1,0,11,0
2021-05-09,W.P. Putrajaya,20,2,113,11,1,7,1
2021-05-10,W.P. Putrajaya,11,15,109,1,0,10,0
2021-05-11,W.P. Putrajaya,8,14,103,1,0,7,0
2021-05-12,W.P. Putrajaya,4,12,94,1,0,2,1
2021-05-13,W.P. Putrajaya,9,10,93,2,0,5,2
2021-05-14,W.P. Putrajaya,20,8,105,10,1,9,0
2021-05-15,W.P. Putrajaya,23,12,116,2,3,16,1
2021-05-16,W.P. Putrajaya,7,20,103,0,0,7,0
2021-05-17,W.P. Putrajaya,11,1,113,0,0,11,0
2021-05-18,W.P. Putrajaya,9,9,113,1,0,7,1
2021-05-19,W.P. Putrajaya,9,14,108,1,1,6,1
2021-05-20,W.P. Putrajaya,35,8,135,10,0,25,0
2021-05-21,W.P. Putrajaya,20,6,149,4,0,16,0
2021-05-22,W.P. Putrajaya,18,18,149,5,0,12,1
2021-05-23,W.P. Putrajaya,30,18,161,5,2,23,0
2021-05-24,W.P. Putrajaya,40,10,191,5,3,28,4
2021-05-25,W.P. Putrajaya,23,12,202,2,0,20,1
2021-05-26,W.P. Putrajaya,29,7,224,10,4,15,0
2021-05-27,W.P. Putrajaya,12,4,232,0,0,12,0
2021-05-28,W.P. Putrajaya,44,26,250,10,7,25,2
2021-05-29,W.P. Putrajaya,29,22,257,4,2,22,1
2021-05-30,W.P. Putrajaya,13,17,253,5,0,8,0
2021-05-31,W.P. Putrajaya,28,23,258,9,1,15,3
2021-06-01,W.P. Putrajaya,18,21,255,4,1,12,1
2021-06-02,W.P. Putrajaya,1,18,236,0,0,0,1
2021-06-03,W.P. Putrajaya,33,39,230,6,2,24,1
2021-06-04,W.P. Putrajaya,20,29,221,5,2,13,0
2021-06-05,W.P. Putrajaya,12,11,221,3,0,8,1
2021-06-06,W.P. Putrajaya,30,27,224,11,0,19,0
2021-06-07,W.P. Putrajaya,8,28,204,0,0,8,0
2021-06-08,W.P. Putrajaya,27,14,217,3,3,21,0
2021-06-09,W.P. Putrajaya,17,25,209,3,0,13,1
2021-06-10,W.P. Putrajaya,18,18,209,4,3,11,0
2021-06-11,W.P. Putrajaya,10,35,184,0,1,9,0
2021-06-12,W.P. Putrajaya,23,18,189,9,1,13,0
2021-06-13,W.P. Putrajaya,7,15,181,0,0,7,0
2021-06-14,W.P. Putrajaya,10,25,166,5,0,4,1
2021-06-15,W.P. Putrajaya,5,23,148,0,1,4,0
2021-06-16,W.P. Putrajaya,6,3,151,0,0,6,0
2021-06-17,W.P. Putrajaya,7,30,128,0,1,6,0
2021-06-18,W.P. Putrajaya,6,15,119,0,0,6,0
2021-06-19,W.P. Putrajaya,3,14,108,0,1,2,0
2021-06-20,W.P. Putrajaya,4,25,87,1,0,3,0
2021-06-21,W.P. Putrajaya,15,15,87,2,0,13,0
2021-06-22,W.P. Putrajaya,7,8,86,1,0,6,0
2021-06-23,W.P. Putrajaya,13,15,84,2,3,8,0
2021-06-24,W.P. Putrajaya,17,8,93,8,0,9,0
2021-06-25,W.P. Putrajaya,14,7,100,4,0,9,1
2021-06-26,W.P. Putrajaya,24,14,110,7,0,16,0
2021-06-27,W.P. Putrajaya,4,4,110,2,0,2,0
2021-06-28,W.P. Putrajaya,8,14,104,1,0,7,0
2021-06-29,W.P. Putrajaya,32,10,126,9,3,19,1
2021-06-30,W.P. Putrajaya,11,3,134,0,0,9,2
2021-07-01,W.P. Putrajaya,10,11,132,1,0,9,0
2021-07-02,W.P. Putrajaya,20,19,133,5,1,14,0
2021-07-03,W.P. Putrajaya,16,8,141,6,0,9,1
2021-07-04,W.P. Putrajaya,16,12,145,5,1,10,0
2021-07-05,W.P. Putrajaya,25,14,156,2,2,20,1
2021-07-06,W.P. Putrajaya,33,13,176,8,2,21,2
2021-07-07,W.P. Putrajaya,26,4,198,7,3,14,2
2021-07-08,W.P. Putrajaya,47,10,233,11,3,31,1
2021-07-09,W.P. Putrajaya,16,13,236,1,0,14,1
2021-07-10,W.P. Putrajaya,39,18,257,4,0,31,1
2021-07-11,W.P. Putrajaya,49,20,286,7,6,36,0
2021-07-12,W.P. Putrajaya,45,20,311,4,2,39,0
2021-07-13,W.P. Putrajaya,77,21,367,10,2,63,2
2021-07-14,W.P. Putrajaya,40,16,391,3,3,33,1
2021-07-15,W.P. Putrajaya,53,4,440,9,3,40,1
2021-07-16,W.P. Putrajaya,62,11,491,10,5,46,0
2021-07-17,W.P. Putrajaya,41,10,522,10,2,25,4
2021-07-18,W.P. Putrajaya,51,12,559,17,1,32,1
2021-07-19,W.P. Putrajaya,48,20,587,10,3,34,0
2021-07-20,W.P. Putrajaya,50,29,608,3,2,45,0
2021-07-21,W.P. Putrajaya,51,28,631,12,5,33,1
2021-07-22,W.P. Putrajaya,100,36,695,20,7,71,2
2021-07-23,W.P. Putrajaya,41,19,717,10,3,24,4
2021-07-24,W.P. Putrajaya,59,5,771,20,1,37,1
2021-07-25,W.P. Putrajaya,50,74,747,11,1,36,2
2021-07-26,W.P. Putrajaya,94,43,798,24,6,56,8
2021-07-27,W.P. Putrajaya,122,75,845,33,5,81,3
2021-07-28,W.P. Putrajaya,68,35,878,12,5,47,4
2021-07-29,W.P. Putrajaya,84,6,956,15,3,65,1
2021-07-30,W.P. Putrajaya,100,59,997,16,0,80,4
2021-07-31,W.P. Putrajaya,116,41,1072,27,12,74,2
2021-08-01,W.P. Putrajaya,72,48,1096,24,4,40,4
2021-08-02,W.P. Putrajaya,46,54,1088,3,3,39,1
2021-08-03,W.P. Putrajaya,72,50,1110,17,6,48,1
2021-08-04,W.P. Putrajaya,46,52,1104,9,3,32,2
2021-08-05,W.P. Putrajaya,50,93,1061,8,0,40,2
2021-08-06,W.P. Putrajaya,122,42,1141,31,12,73,6
2021-08-07,W.P. Putrajaya,56,62,1135,7,4,43,2
2021-08-08,W.P. Putrajaya,63,51,1145,16,6,39,2
2021-08-09,W.P. Putrajaya,66,97,1114,10,8,47,1
2021-08-10,W.P. Putrajaya,76,123,1067,21,8,43,4
2021-08-11,W.P. Putrajaya,41,70,1038,15,1,25,0
2021-08-12,W.P. Putrajaya,56,82,1012,18,1,35,2
2021-08-13,W.P. Putrajaya,66,100,978,15,3,45,3
2021-08-14,W.P. Putrajaya,51,116,913,6,1,42,2
2021-08-15,W.P. Putrajaya,47,69,891,10,4,32,1
2021-08-16,W.P. Putrajaya,43,42,892,20,4,18,1
2021-08-17,W.P. Putrajaya,41,75,858,13,3,25,0
2021-08-18,W.P. Putrajaya,25,51,832,5,0,20,0
2021-08-19,W.P. Putrajaya,26,53,805,6,1,18,1
2021-08-20,W.P. Putrajaya,24,114,715,5,3,16,0
2021-08-21,W.P. Putrajaya,41,57,698,8,3,30,0
2021-08-22,W.P. Putrajaya,24,70,652,3,4,17,0
2021-08-23,W.P. Putrajaya,24,62,614,7,1,14,2
2021-08-24,W.P. Putrajaya,27,71,570,4,2,20,1
2021-08-25,W.P. Putrajaya,21,47,544,3,0,16,2
2021-08-26,W.P. Putrajaya,20,52,512,7,0,13,0
2021-08-27,W.P. Putrajaya,39,62,489,3,5,30,1
2021-08-28,W.P. Putrajaya,48,52,485,14,5,29,0
2021-08-29,W.P. Putrajaya,48,52,481,17,1,28,1
2021-08-30,W.P. Putrajaya,41,42,480,8,4,27,2
2021-08-31,W.P. Putrajaya,25,47,457,5,2,18,0
2021-09-01,W.P. Putrajaya,34,30,461,13,4,17,0
2021-09-02,W.P. Putrajaya,37,21,477,9,3,23,2
2021-09-03,W.P. Putrajaya,41,30,488,8,2,29,2
2021-09-04,W.P. Putrajaya,18,43,463,6,2,9,0
2021-09-05,W.P. Putrajaya,25,24,464,6,3,15,1
2021-09-06,W.P. Putrajaya,23,42,445,7,3,12,1
2021-09-07,W.P. Putrajaya,22,30,437,6,3,11,2
2021-09-08,W.P. Putrajaya,29,2,464,5,3,20,1
2021-09-09,W.P. Putrajaya,28,38,454,9,3,16,0
2021-09-10,W.P. Putrajaya,21,27,448,9,1,11,0
2021-09-11,W.P. Putrajaya,24,42,430,10,1,12,1
2021-09-12,W.P. Putrajaya,32,37,425,9,1,21,1
2021-09-13,W.P. Putrajaya,16,43,398,5,0,11,0
2021-09-14,W.P. Putrajaya,14,29,383,5,0,9,0
2021-09-15,W.P. Putrajaya,16,34,365,5,2,9,0
2021-09-16,W.P. Putrajaya,22,25,362,5,4,13,0
2021-09-17,W.P. Putrajaya,31,37,356,10,2,17,2
2021-09-18,W.P. Putrajaya,31,24,363,9,1,20,1
2021-09-19,W.P. Putrajaya,19,25,357,5,0,13,1
2021-09-20,W.P. Putrajaya,11,18,350,6,0,5,0
2021-09-21,W.P. Putrajaya,34,18,366,12,4,18,0
2021-09-22,W.P. Putrajaya,30,32,364,9,3,17,1
2021-09-23,W.P. Putrajaya,14,22,356,5,1,8,0
2021-09-24,W.P. Putrajaya,30,20,366,11,2,15,2
2021-09-25,W.P. Putrajaya,37,29,374,17,3,17,0
2021-09-26,W.P. Putrajaya,24,27,371,5,3,16,0
2021-09-27,W.P. Putrajaya,18,11,378,4,3,11,0
2021-09-28,W.P. Putrajaya,19,13,384,8,3,8,0
2021-09-29,W.P. Putrajaya,18,16,386,2,0,16,0
2021-09-30,W.P. Putrajaya,28,20,394,6,6,15,1
2021-10-01,W.P. Putrajaya,36,23,407,12,0,23,1
2021-10-02,W.P. Putrajaya,26,23,410,7,0,17,2
2021-10-03,W.P. Putrajaya,24,19,415,9,0,15,0
2021-10-04,W.P. Putrajaya,19,10,424,4,0,15,0
2021-10-05,W.P. Putrajaya,23,33,414,4,1,18,0
2021-10-06,W.P. Putrajaya,18,34,398,2,1,13,2
2021-10-07,W.P. Putrajaya,59,14,443,16,5,35,3
2021-10-08,W.P. Putrajaya,45,34,454,11,6,27,1
2021-10-09,W.P. Putrajaya,23,40,437,5,2,16,0
2021-10-10,W.P. Putrajaya,31,26,442,11,4,15,1
2021-10-11,W.P. Putrajaya,36,20,458,16,4,14,2
2021-10-12,W.P. Putrajaya,32,20,470,12,2,16,2
2021-10-13,W.P. Putrajaya,19,22,467,9,0,10,0
2021-10-14,W.P. Putrajaya,24,27,464,3,0,20,1
2021-10-15,W.P. Putrajaya,39,28,475,9,3,22,3
2021-10-16,W.P. Putrajaya,37,25,487,17,1,19,0
2021-10-17,W.P. Putrajaya,22,30,479,7,3,12,0
2021-10-18,W.P. Putrajaya,14,21,472,1,2,9,2
2021-10-19,W.P. Putrajaya,29,23,478,7,3,18,1
2021-10-20,W.P. Putrajaya,5,28,455,0,0,5,0
2021-10-21,W.P. Putrajaya,29,47,437,6,4,19,0
2021-10-22,W.P. Putrajaya,44,45,436,16,3,24,1
2021-10-23,W.P. Putrajaya,20,16,440,5,0,14,1
2021-10-24,W.P. Putrajaya,30,34,436,10,2,17,1
2021-10-25,W.P. Putrajaya,13,37,412,3,0,10,0
2021-10-26,W.P. Putrajaya,37,32,417,15,3,19,0
2021-10-27,W.P. Putrajaya,14,17,414,1,1,12,0
2021-10-28,W.P. Putrajaya,31,35,410,4,2,25,0
2021-10-29,W.P. Putrajaya,44,30,424,11,5,27,1
2021-10-30,W.P. Putrajaya,29,40,413,4,2,20,2
2021-10-31,W.P. Putrajaya,33,21,425,5,2,25,1
2021-11-01,W.P. Putrajaya,34,19,440,10,2,21,1
2021-11-02,W.P. Putrajaya,33,26,447,8,3,22,0
2021-11-03,W.P. Putrajaya,19,8,458,0,0,18,1
2021-11-04,W.P. Putrajaya,55,22,491,14,2,37,2
2021-11-05,W.P. Putrajaya,37,43,485,12,0,24,1
2021-11-06,W.P. Putrajaya,41,26,500,12,0,27,2
2021-11-07,W.P. Putrajaya,17,28,489,3,1,13,0
2021-11-08,W.P. Putrajaya,28,21,496,6,1,21,0
2021-11-09,W.P. Putrajaya,48,42,502,14,3,30,1
2021-11-10,W.P. Putrajaya,19,14,507,3,1,15,0
2021-11-11,W.P. Putrajaya,84,30,561,25,2,49,8
2021-11-12,W.P. Putrajaya,74,46,589,22,1,48,3
2021-11-13,W.P. Putrajaya,75,22,642,21,3,48,3
2021-11-14,W.P. Putrajaya,66,32,676,22,3,39,2
2021-11-15,W.P. Putrajaya,52,38,690,23,2,23,4
2021-11-16,W.P. Putrajaya,51,33,708,23,1,26,1
2021-11-17,W.P. Putrajaya,28,20,716,5,0,23,0
2021-11-18,W.P. Putrajaya,35,53,698,7,1,25,2
2021-11-19,W.P. Putrajaya,82,51,729,26,3,48,4
2021-11-20,W.P. Putrajaya,91,39,781,21,2,62,6
2021-11-21,W.P. Putrajaya,31,24,788,6,1,24,0
2021-11-22,W.P. Putrajaya,70,28,830,25,3,41,1
2021-11-23,W.P. Putrajaya,71,52,849,30,2,34,4
2021-11-24,W.P. Putrajaya,37,13,873,9,2,25,1
2021-11-25,W.P. Putrajaya,43,77,839,12,1,30,0
2021-11-26,W.P. Putrajaya,69,76,832,25,0,42,1
2021-11-27,W.P. Putrajaya,69,69,832,18,3,46,2
2021-11-28,W.P. Putrajaya,49,72,809,7,4,34,4
2021-11-29,W.P. Putrajaya,40,50,799,12,3,22,1
2021-11-30,W.P. Putrajaya,40,53,786,7,2,30,1
2021-12-01,W.P. Putrajaya,21,25,782,2,1,17,1
2021-12-02,W.P. Putrajaya,53,35,800,17,1,33,2
2021-12-03,W.P. Putrajaya,35,79,756,9,2,23,1
2021-12-04,W.P. Putrajaya,37,83,710,9,2,25,1
2021-12-05,W.P. Putrajaya,33,30,713,6,0,22,5
2021-12-06,W.P. Putrajaya,29,63,679,9,1,19,0
2021-12-07,W.P. Putrajaya,33,79,633,8,0,23,2
2021-12-08,W.P. Putrajaya,25,39,619,2,1,21,1
2021-12-09,W.P. Putrajaya,32,37,614,4,1,21,6
2021-12-10,W.P. Putrajaya,53,61,606,20,1,32,0
2021-12-11,W.P. Putrajaya,29,57,578,8,3,16,2
2021-12-12,W.P. Putrajaya,15,53,540,1,1,13,0
2021-12-13,W.P. Putrajaya,32,40,531,14,2,15,1
2021-12-14,W.P. Putrajaya,27,38,520,8,1,18,0
2021-12-15,W.P. Putrajaya,22,38,504,5,1,14,2
2021-12-16,W.P. Putrajaya,25,53,476,7,2,15,1
2021-12-17,W.P. Putrajaya,28,36,468,4,2,22,0
2021-12-18,W.P. Putrajaya,35,34,469,8,3,22,2
2021-12-19,W.P. Putrajaya,18,32,455,3,0,15,0
2021-12-20,W.P. Putrajaya,30,22,462,10,2,16,2
2021-12-21,W.P. Putrajaya,35,34,463,13,4,17,1
2021-12-22,W.P. Putrajaya,20,25,458,5,1,14,0
2021-12-23,W.P. Putrajaya,29,33,454,9,1,17,2
2021-12-24,W.P. Putrajaya,23,54,423,5,1,16,1
2021-12-25,W.P. Putrajaya,29,28,424,9,0,20,0
2021-12-26,W.P. Putrajaya,18,14,428,6,0,8,4
2021-12-27,W.P. Putrajaya,11,32,407,2,0,8,1
2021-12-28,W.P. Putrajaya,24,21,410,2,2,19,1
2021-12-29,W.P. Putrajaya,22,20,412,4,1,16,1
2021-12-30,W.P. Putrajaya,25,28,409,2,1,20,2
2021-12-31,W.P. Putrajaya,24,26,407,4,1,19,0
2022-01-01,W.P. Putrajaya,20,30,397,1,0,16,3
2022-01-02,W.P. Putrajaya,19,20,396,2,2,14,1
2022-01-03,W.P. Putrajaya,13,27,382,1,0,12,0
2022-01-04,W.P. Putrajaya,35,35,382,11,1,22,1
2022-01-05,W.P. Putrajaya,25,18,389,4,4,16,1
2022-01-06,W.P. Putrajaya,38,31,396,6,5,23,4
2022-01-07,W.P. Putrajaya,30,25,401,7,5,16,2
2022-01-08,W.P. Putrajaya,14,25,390,0,0,14,0
2022-01-09,W.P. Putrajaya,14,20,384,2,0,12,0
2022-01-10,W.P. Putrajaya,30,11,403,3,2,23,2
2022-01-11,W.P. Putrajaya,46,20,429,11,3,30,2
2022-01-12,W.P. Putrajaya,34,23,440,5,3,24,2
2022-01-13,W.P. Putrajaya,23,22,441,5,1,17,0
2022-01-14,W.P. Putrajaya,34,25,450,9,4,20,1
2022-01-15,W.P. Putrajaya,5,17,438,0,0,5,0
2022-01-16,W.P. Putrajaya,13,17,434,2,0,11,0
2022-01-17,W.P. Putrajaya,14,11,437,4,1,8,1
2022-01-18,W.P. Putrajaya,18,33,422,4,0,13,1
2022-01-19,W.P. Putrajaya,22,24,420,9,2,11,0
2022-01-20,W.P. Putrajaya,20,38,402,3,1,14,2
2022-01-21,W.P. Putrajaya,46,27,421,14,2,29,1
2022-01-22,W.P. Putrajaya,28,14,435,11,0,17,0
2022-01-23,W.P. Putrajaya,25,14,446,5,1,16,3
2022-01-24,W.P. Putrajaya,32,31,447,8,1,23,0
2022-01-25,W.P. Putrajaya,34,46,435,1,5,28,0
2022-01-26,W.P. Putrajaya,38,35,438,9,1,27,1
2022-01-27,W.P. Putrajaya,43,23,458,7,4,30,2
2022-01-28,W.P. Putrajaya,49,32,475,13,4,31,1
2022-01-29,W.P. Putrajaya,57,7,525,14,4,38,1
2022-01-30,W.P. Putrajaya,29,12,542,5,1,21,2
2022-01-31,W.P. Putrajaya,31,15,558,6,4,21,0
2022-02-01,W.P. Putrajaya,61,17,602,7,4,45,5
2022-02-02,W.P. Putrajaya,23,20,605,3,2,17,1
2022-02-03,W.P. Putrajaya,44,19,630,13,4,27,0
2022-02-04,W.P. Putrajaya,76,46,660,19,11,44,2
2022-02-05,W.P. Putrajaya,115,52,723,23,15,75,2
2022-02-06,W.P. Putrajaya,61,67,717,20,2,39,0
2022-02-07,W.P. Putrajaya,105,36,786,28,10,62,5
2022-02-08,W.P. Putrajaya,141,43,884,35,9,88,7
2022-02-09,W.P. Putrajaya,204,49,1039,51,22,129,2
2022-02-10,W.P. Putrajaya,183,57,1165,45,15,119,4
2022-02-11,W.P. Putrajaya,190,40,1315,43,20,123,3
2022-02-12,W.P. Putrajaya,124,30,1409,30,12,80,2
2022-02-13,W.P. Putrajaya,105,59,1455,18,9,76,2
2022-02-14,W.P. Putrajaya,124,22,1557,27,7,87,3
2022-02-15,W.P. Putrajaya,108,43,1622,20,5,81,2
2022-02-16,W.P. Putrajaya,143,81,1684,52,12,78,1
2022-02-17,W.P. Putrajaya,183,111,1756,38,14,127,4
2022-02-18,W.P. Putrajaya,129,64,1821,31,4,92,2
2022-02-19,W.P. Putrajaya,144,104,1861,37,8,98,1
2022-02-20,W.P. Putrajaya,173,142,1892,41,10,122,0
2022-02-21,W.P. Putrajaya,155,202,1845,50,3,97,5
2022-02-22,W.P. Putrajaya,163,181,1827,34,4,124,1
2022-02-23,W.P. Putrajaya,189,188,1828,47,16,125,1
2022-02-24,W.P. Putrajaya,120,122,1826,32,7,79,2
2022-02-25,W.P. Putrajaya,156,106,1876,28,13,108,7
2022-02-26,W.P. Putrajaya,189,124,1941,36,12,136,5
2022-02-27,W.P. Putrajaya,175,109,2007,30,5,135,5
2022-02-28,W.P. Putrajaya,128,143,1992,20,6,95,6
2022-03-01,W.P. Putrajaya,136,187,1941,28,9,92,7
2022-03-02,W.P. Putrajaya,171,203,1909,31,15,121,4
2022-03-03,W.P. Putrajaya,135,175,1868,26,4,99,6
2022-03-04,W.P. Putrajaya,187,162,1893,26,5,148,7
2022-03-05,W.P. Putrajaya,132,162,1863,23,8,98,3
2022-03-06,W.P. Putrajaya,171,187,1847,34,3,127,7
2022-03-07,W.P. Putrajaya,182,116,1913,39,3,137,3
2022-03-08,W.P. Putrajaya,201,153,1961,25,7,161,8
2022-03-09,W.P. Putrajaya,140,184,1917,21,6,107,6
2022-03-10,W.P. Putrajaya,139,174,1882,27,6,99,7
2022-03-11,W.P. Putrajaya,231,201,1912,31,6,186,8
2022-03-12,W.P. Putrajaya,191,132,1971,38,5,132,16
2022-03-13,W.P. Putrajaya,121,170,1922,16,3,95,7
2022-03-14,W.P. Putrajaya,159,134,1947,32,6,114,7
2022-03-15,W.P. Putrajaya,183,186,1944,44,19,116,4
2022-03-16,W.P. Putrajaya,180,135,1989,32,6,131,11
2022-03-17,W.P. Putrajaya,150,172,1967,23,10,96,21
2022-03-18,W.P. Putrajaya,142,182,1927,19,10,107,6
2022-03-19,W.P. Putrajaya,128,197,1858,28,6,87,7
2022-03-20,W.P. Putrajaya,133,144,1847,24,9,97,2
2022-03-21,W.P. Putrajaya,100,141,1806,16,4,72,8
2022-03-22,W.P. Putrajaya,65,231,1640,14,4,45,1
2022-03-23,W.P. Putrajaya,69,190,1519,14,2,53,0
2022-03-24,W.P. Putrajaya,84,122,1481,21,4,51,8
2022-03-25,W.P. Putrajaya,130,163,1448,32,7,85,6
2022-03-26,W.P. Putrajaya,95,184,1359,23,4,63,5
2022-03-27,W.P. Putrajaya,38,179,1218,7,1,26,4
2022-03-28,W.P. Putrajaya,49,154,1113,14,3,30,2
2022-03-29,W.P. Putrajaya,63,140,1036,16,8,39,0
2022-03-30,W.P. Putrajaya,66,127,975,20,6,37,3
2022-03-31,W.P. Putrajaya,101,129,947,36,2,60,3
2022-04-01,W.P. Putrajaya,56,98,905,18,1,36,0
2022-04-02,W.P. Putrajaya,68,66,907,23,0,43,2
2022-04-03,W.P. Putrajaya,52,70,889,9,3,34,6
2022-04-04,W.P. Putrajaya,46,88,847,17,3,26,0
2022-04-05,W.P. Putrajaya,38,128,757,11,1,24,2
2022-04-06,W.P. Putrajaya,54,92,719,15,2,32,4
2022-04-07,W.P. Putrajaya,48,38,728,14,4,26,4
2022-04-08,W.P. Putrajaya,35,51,711,8,0,24,3
2022-04-09,W.P. Putrajaya,28,57,682,3,1,21,3
2022-04-10,W.P. Putrajaya,11,64,629,3,1,5,2
2022-04-11,W.P. Putrajaya,33,73,589,3,4,26,0
2022-04-12,W.P. Putrajaya,23,84,528,7,1,14,1
2022-04-13,W.P. Putrajaya,56,68,516,11,19,24,2
2022-04-14,W.P. Putrajaya,29,60,484,4,1,21,3
2022-04-15,W.P. Putrajaya,59,53,490,5,28,26,0
2022-04-16,W.P. Putrajaya,32,69,453,10,8,13,1
2022-04-17,W.P. Putrajaya,16,48,421,2,1,12,1
2022-04-18,W.P. Putrajaya,11,35,397,4,4,3,0
2022-04-19,W.P. Putrajaya,47,29,415,8,8,30,1
2022-04-20,W.P. Putrajaya,51,10,456,8,15,25,3
2022-04-21,W.P. Putrajaya,60,33,483,15,12,31,2
2022-04-22,W.P. Putrajaya,105,23,565,28,16,59,2
2022-04-23,W.P. Putrajaya,82,55,592,15,16,47,4
2022-04-24,W.P. Putrajaya,72,29,635,16,10,43,3
2022-04-25,W.P. Putrajaya,22,59,598,2,0,20,0
2022-04-26,W.P. Putrajaya,64,32,630,4,3,53,4
2022-04-27,W.P. Putrajaya,37,16,651,6,12,17,2
2022-04-28,W.P. Putrajaya,56,13,694,4,6,45,1
2022-04-29,W.P. Putrajaya,42,47,689,4,2,33,3
2022-04-30,W.P. Putrajaya,26,51,664,2,2,21,1
2022-05-01,W.P. Putrajaya,11,60,615,0,1,10,0
2022-05-02,W.P. Putrajaya,14,103,526,0,2,9,3
2022-05-03,W.P. Putrajaya,26,82,470,1,1,23,1
2022-05-04,W.P. Putrajaya,21,72,419,1,0,17,3
2022-05-05,W.P. Putrajaya,3,22,400,0,0,3,0
2022-05-06,W.P. Putrajaya,17,64,353,0,0,14,3
2022-05-07,W.P. Putrajaya,38,37,354,5,9,22,2
2022-05-08,W.P. Putrajaya,7,56,305,1,1,4,1
2022-05-09,W.P. Putrajaya,4,42,267,0,1,3,0
2022-05-10,W.P. Putrajaya,25,26,266,4,2,19,0
2022-05-11,W.P. Putrajaya,182,11,437,29,29,123,1
2022-05-12,W.P. Putrajaya,79,14,502,11,5,58,5
2022-05-13,W.P. Putrajaya,88,26,564,12,12,62,2
2022-05-14,W.P. Putrajaya,53,21,596,3,8,40,2
2022-05-15,W.P. Putrajaya,15,3,608,2,1,12,0
2022-05-16,W.P. Putrajaya,38,17,629,5,5,27,1
2022-05-17,W.P. Putrajaya,32,38,623,8,5,18,1
2022-05-18,W.P. Putrajaya,39,7,655,3,6,30,0
2022-05-19,W.P. Putrajaya,46,4,697,3,4,38,1
2022-05-20,W.P. Putrajaya,65,25,737,9,11,44,1
2022-05-21,W.P. Putrajaya,55,182,610,8,7,36,4
2022-05-22,W.P. Putrajaya,36,79,567,7,6,23,0
2022-05-23,W.P. Putrajaya,38,88,517,2,6,29,1
2022-05-24,W.P. Putrajaya,20,53,484,1,5,14,0
2022-05-25,W.P. Putrajaya,38,15,507,3,7,26,2
2022-05-26,W.P. Putrajaya,49,38,518,5,8,32,4
2022-05-27,W.P. Putrajaya,58,32,544,8,8,41,1
2022-05-28,W.P. Putrajaya,31,39,536,4,5,20,2
2022-05-29,W.P. Putrajaya,29,46,519,5,3,21,0
2022-05-30,W.P. Putrajaya,35,65,489,4,6,25,0
2022-05-31,W.P. Putrajaya,22,55,456,4,4,14,0
2022-06-01,W.P. Putrajaya,39,36,459,4,11,23,1
2022-06-02,W.P. Putrajaya,57,38,478,3,10,41,3
2022-06-03,W.P. Putrajaya,26,20,484,2,2,21,1
2022-06-04,W.P. Putrajaya,33,38,479,3,3,26,1
2022-06-05,W.P. Putrajaya,24,49,454,2,4,17,1
2022-06-06,W.P. Putrajaya,16,57,413,3,1,12,0
2022-06-07,W.P. Putrajaya,6,31,388,2,0,4,0
2022-06-08,W.P. Putrajaya,16,29,375,1,1,13,1
2022-06-09,W.P. Putrajaya,80,35,420,7,5,66,2
2022-06-10,W.P. Putrajaya,60,22,458,6,3,50,1
2022-06-11,W.P. Putrajaya,52,39,471,3,6,42,1
2022-06-12,W.P. Putrajaya,15,57,429,2,2,11,0
2022-06-13,W.P. Putrajaya,55,26,458,3,8,44,0
2022-06-14,W.P. Putrajaya,32,33,457,6,4,22,0
2022-06-15,W.P. Putrajaya,50,24,483,5,6,37,2
2022-06-16,W.P. Putrajaya,37,16,504,2,5,29,1
2022-06-17,W.P. Putrajaya,22,6,520,0,0,22,0
2022-06-18,W.P. Putrajaya,26,16,530,2,1,23,0
2022-06-19,W.P. Putrajaya,51,80,501,2,4,45,0
2022-06-20,W.P. Putrajaya,19,60,460,0,1,18,0
2022-06-21,W.P. Putrajaya,37,52,445,7,3,26,1
2022-06-22,W.P. Putrajaya,64,15,494,4,7,50,3
2022-06-23,W.P. Putrajaya,48,55,487,5,4,37,2
2022-06-24,W.P. Putrajaya,51,32,506,7,5,37,2
2022-06-25,W.P. Putrajaya,45,50,501,0,6,38,1
2022-06-26,W.P. Putrajaya,49,37,513,6,5,36,2
2022-06-27,W.P. Putrajaya,4,22,495,1,1,2,0
2022-06-28,W.P. Putrajaya,71,26,540,6,5,60,0
2022-06-29,W.P. Putrajaya,57,51,546,10,2,45,0
2022-06-30,W.P. Putrajaya,72,19,599,7,6,57,2
2022-07-01,W.P. Putrajaya,97,37,659,12,7,71,7
2022-07-02,W.P. Putrajaya,65,64,660,10,9,43,3
2022-07-03,W.P. Putrajaya,59,48,671,6,3,50,0
2022-07-04,W.P. Putrajaya,38,51,658,3,7,27,1
2022-07-05,W.P. Putrajaya,61,45,674,9,3,49,0
2022-07-06,W.P. Putrajaya,123,49,748,15,6,98,4
2022-07-07,W.P. Putrajaya,90,4,834,7,10,71,2
2022-07-08,W.P. Putrajaya,74,71,837,4,5,63,2
2022-07-09,W.P. Putrajaya,80,57,860,10,8,58,4
2022-07-10,W.P. Putrajaya,84,72,872,13,4,62,5
2022-07-11,W.P. Putrajaya,37,97,812,2,6,29,0
2022-07-12,W.P. Putrajaya,86,65,833,13,7,64,2
2022-07-13,W.P. Putrajaya,111,59,885,9,10,86,6
2022-07-14,W.P. Putrajaya,95,38,942,3,8,78,6
2022-07-15,W.P. Putrajaya,102,61,983,10,3,82,7
2022-07-16,W.P. Putrajaya,116,123,976,15,6,89,6
2022-07-17,W.P. Putrajaya,12,90,898,0,0,12,0
2022-07-18,W.P. Putrajaya,152,74,976,20,10,116,6
2022-07-19,W.P. Putrajaya,82,80,978,11,4,66,1
2022-07-20,W.P. Putrajaya,92,84,986,12,8,69,3
2022-07-21,W.P. Putrajaya,65,37,1014,8,5,48,4
2022-07-22,W.P. Putrajaya,82,86,1010,8,0,70,4
2022-07-23,W.P. Putrajaya,65,111,964,2,4,58,1
2022-07-24,W.P. Putrajaya,55,95,924,7,4,39,5
2022-07-25,W.P. Putrajaya,77,102,899,6,6,64,1
2022-07-26,W.P. Putrajaya,59,116,842,2,8,47,2
2022-07-27,W.P. Putrajaya,100,11,931,10,13,76,1
2022-07-28,W.P. Putrajaya,92,152,871,6,10,70,6
2022-07-29,W.P. Putrajaya,95,82,884,16,6,69,4
2022-07-30,W.P. Putrajaya,70,92,862,3,4,59,4
2022-07-31,W.P. Putrajaya,65,65,862,3,3,54,5
2022-08-01,W.P. Putrajaya,59,82,839,15,1,39,4
2022-08-02,W.P. Putrajaya,106,65,880,10,6,83,7
2022-08-03,W.P. Putrajaya,81,55,906,8,5,66,2
2022-08-04,W.P. Putrajaya,90,77,919,7,6,71,6
2022-08-05,W.P. Putrajaya,96,59,956,11,7,72,6
2022-08-06,W.P. Putrajaya,62,101,917,6,6,47,3
2022-08-07,W.P. Putrajaya,30,92,855,0,1,28,1
2022-08-08,W.P. Putrajaya,68,95,828,16,5,44,3
2022-08-09,W.P. Putrajaya,83,70,841,11,4,66,2
2022-08-10,W.P. Putrajaya,83,66,858,12,3,64,4
2022-08-11,W.P. Putrajaya,141,59,940,15,10,111,5
2022-08-12,W.P. Putrajaya,69,106,903,4,9,56,0
2022-08-13,W.P. Putrajaya,104,81,926,14,11,78,1
2022-08-14,W.P. Putrajaya,63,89,900,9,0,52,2
2022-08-15,W.P. Putrajaya,73,95,878,6,6,60,1
2022-08-16,W.P. Putrajaya,54,61,871,7,5,41,1
2022-08-17,W.P. Putrajaya,95,30,936,5,5,84,1
2022-08-18,W.P. Putrajaya,74,68,942,8,3,63,0
2022-08-19,W.P. Putrajaya,130,83,989,20,6,99,5
2022-08-20,W.P. Putrajaya,94,83,1000,11,5,75,3
2022-08-21,W.P. Putrajaya,50,141,909,4,2,43,1
2022-08-22,W.P. Putrajaya,55,69,893,10,3,37,5
2022-08-23,W.P. Putrajaya,57,103,847,5,4,46,2
2022-08-24,W.P. Putrajaya,82,63,866,10,0,71,1
2022-08-25,W.P. Putrajaya,58,73,851,4,3,50,1
2022-08-26,W.P. Putrajaya,56,54,853,3,5,46,2
2022-08-27,W.P. Putrajaya,61,95,819,9,1,49,2
2022-08-28,W.P. Putrajaya,20,72,767,3,1,16,0
2022-08-29,W.P. Putrajaya,39,130,676,2,2,34,1
2022-08-30,W.P. Putrajaya,30,94,612,4,1,24,1
2022-08-31,W.P. Putrajaya,43,50,605,6,2,35,0
2022-09-01,W.P. Putrajaya,25,55,575,5,0,20,0
2022-09-02,W.P. Putrajaya,36,57,554,5,0,31,0
2022-09-03,W.P. Putrajaya,45,82,517,4,3,37,1
2022-09-04,W.P. Putrajaya,18,58,477,1,1,16,0
2022-09-05,W.P. Putrajaya,30,56,451,1,0,29,0
2022-09-06,W.P. Putrajaya,49,61,439,4,2,42,1
2022-09-07,W.P. Putrajaya,42,20,461,2,1,38,1
2022-09-08,W.P. Putrajaya,42,39,464,4,0,37,1
2022-09-09,W.P. Putrajaya,32,30,466,2,2,27,1
2022-09-10,W.P. Putrajaya,38,43,461,1,1,33,3
2022-09-11,W.P. Putrajaya,43,27,477,1,3,36,3
2022-09-12,W.P. Putrajaya,22,36,463,1,0,19,2
2022-09-13,W.P. Putrajaya,32,45,450,4,2,24,2
2022-09-14,W.P. Putrajaya,46,18,478,3,2,40,1
2022-09-15,W.P. Putrajaya,47,30,495,0,2,41,4
2022-09-16,W.P. Putrajaya,36,48,483,2,3,28,3
2022-09-17,W.P. Putrajaya,15,43,455,0,2,12,1
2022-09-18,W.P. Putrajaya,19,41,433,1,1,17,0
2022-09-19,W.P. Putrajaya,17,32,418,2,2,13,0
2022-09-20,W.P. Putrajaya,26,37,407,2,0,24,0
2022-09-21,W.P. Putrajaya,29,42,394,2,1,25,1
2022-09-22,W.P. Putrajaya,27,22,399,2,1,21,3
2022-09-23,W.P. Putrajaya,32,32,399,6,1,24,1
2022-09-24,W.P. Putrajaya,22,46,375,4,0,18,0
2022-09-25,W.P. Putrajaya,31,47,359,1,0,30,0
2022-09-26,W.P. Putrajaya,7,37,329,1,1,5,0
2022-09-27,W.P. Putrajaya,16,15,330,2,0,13,1
2022-09-28,W.P. Putrajaya,31,19,342,2,1,27,1
2022-09-29,W.P. Putrajaya,23,18,347,0,2,21,0
2022-09-30,W.P. Putrajaya,34,25,356,3,0,31,0
2022-10-01,W.P. Putrajaya,25,29,352,3,3,17,2
2022-10-02,W.P. Putrajaya,28,27,353,1,3,23,1
2022-10-03,W.P. Putrajaya,25,32,346,4,1,20,0
2022-10-04,W.P. Putrajaya,23,21,348,2,0,19,2
2022-10-05,W.P. Putrajaya,20,31,337,4,1,15,0
2022-10-06,W.P. Putrajaya,32,7,362,2,2,28,0
2022-10-07,W.P. Putrajaya,24,16,370,3,1,20,0
2022-10-08,W.P. Putrajaya,35,31,374,4,0,31,0
2022-10-09,W.P. Putrajaya,20,23,371,2,0,17,1
2022-10-10,W.P. Putrajaya,12,34,349,2,0,9,1
2022-10-11,W.P. Putrajaya,1,25,325,0,0,1,0
2022-10-12,W.P. Putrajaya,42,28,339,3,5,32,2
2022-10-13,W.P. Putrajaya,35,25,349,4,0,30,1
2022-10-14,W.P. Putrajaya,39,23,365,1,1,35,2
2022-10-15,W.P. Putrajaya,30,20,375,5,1,22,2
2022-10-16,W.P. Putrajaya,38,33,380,3,1,33,1
2022-10-17,W.P. Putrajaya,32,24,388,2,1,27,2
2022-10-18,W.P. Putrajaya,26,34,380,0,2,23,1
2022-10-19,W.P. Putrajaya,28,20,388,0,0,28,0
2022-10-20,W.P. Putrajaya,51,12,427,2,2,47,0
2022-10-21,W.P. Putrajaya,31,1,457,2,1,28,0
2022-10-22,W.P. Putrajaya,35,42,450,1,3,30,1
2022-10-23,W.P. Putrajaya,17,35,432,3,0,14,0
2022-10-24,W.P. Putrajaya,19,38,413,0,1,18,0
2022-10-25,W.P. Putrajaya,29,30,412,0,2,27,0
2022-10-26,W.P. Putrajaya,40,38,414,0,0,40,0
2022-10-27,W.P. Putrajaya,54,32,436,2,1,50,1
2022-10-28,W.P. Putrajaya,35,26,445,1,3,30,1
2022-10-29,W.P. Putrajaya,82,28,499,4,5,72,1
2022-10-30,W.P. Putrajaya,38,51,486,5,0,33,0
2022-10-31,W.P. Putrajaya,63,31,518,2,3,57,1
2022-11-01,W.P. Putrajaya,49,35,532,4,2,41,2
2022-11-02,W.P. Putrajaya,58,36,554,2,1,53,2
2022-11-03,W.P. Putrajaya,111,29,636,3,4,104,0
2022-11-04,W.P. Putrajaya,108,94,650,3,4,99,2
2022-11-05,W.P. Putrajaya,83,35,698,5,1,74,3
2022-11-06,W.P. Putrajaya,47,82,663,3,1,39,4
2022-11-07,W.P. Putrajaya,4,101,566,0,0,2,2
2022-11-08,W.P. Putrajaya,226,49,743,8,14,200,4
2022-11-09,W.P. Putrajaya,146,58,831,10,9,126,1
2022-11-10,W.P. Putrajaya,174,0,1005,11,10,150,3
2022-11-11,W.P. Putrajaya,104,108,1001,3,7,91,3
2022-11-12,W.P. Putrajaya,95,83,1013,7,5,82,1
2022-11-13,W.P. Putrajaya,17,47,983,1,2,13,1
2022-11-14,W.P. Putrajaya,115,4,1094,4,5,105,1
2022-11-15,W.P. Putrajaya,169,226,1037,10,13,141,5
2022-11-16,W.P. Putrajaya,147,146,1038,3,9,132,3
2022-11-17,W.P. Putrajaya,131,174,995,3,6,119,3
2022-11-18,W.P. Putrajaya,122,104,1013,8,5,107,2
2022-11-19,W.P. Putrajaya,88,95,1006,3,4,80,1
2022-11-20,W.P. Putrajaya,39,17,1028,5,3,31,0
2022-11-21,W.P. Putrajaya,54,114,968,2,1,48,3
2022-11-22,W.P. Putrajaya,62,169,861,4,1,53,4
2022-11-23,W.P. Putrajaya,107,147,821,3,2,98,4
2022-11-24,W.P. Putrajaya,119,130,810,8,7,99,5
2022-11-25,W.P. Putrajaya,140,122,828,9,5,122,4
2022-11-26,W.P. Putrajaya,72,88,812,9,1,60,2
2022-11-27,W.P. Putrajaya,54,39,827,5,0,49,0
2022-11-28,W.P. Putrajaya,59,54,832,6,2,49,2
2022-11-29,W.P. Putrajaya,52,62,822,3,5,44,0
2022-11-30,W.P. Putrajaya,19,107,734,1,1,17,0
2022-12-01,W.P. Putrajaya,75,119,690,7,3,64,1
2022-12-02,W.P. Putrajaya,49,140,599,5,2,41,1
2022-12-03,W.P. Putrajaya,63,72,590,5,6,49,3
2022-12-04,W.P. Putrajaya,37,54,573,2,2,33,0
2022-12-05,W.P. Putrajaya,29,59,543,3,0,23,3
2022-12-06,W.P. Putrajaya,34,52,525,3,2,29,0
2022-12-07,W.P. Putrajaya,45,19,551,4,0,39,2
2022-12-08,W.P. Putrajaya,75,75,551,5,5,62,3
2022-12-09,W.P. Putrajaya,58,49,560,4,3,49,2
2022-12-10,W.P. Putrajaya,31,64,527,3,1,26,1
2022-12-11,W.P. Putrajaya,5,37,495,1,0,2,2
2022-12-12,W.P. Putrajaya,18,29,484,2,0,15,1
2022-12-13,W.P. Putrajaya,53,34,503,3,2,48,0
2022-12-14,W.P. Putrajaya,31,45,489,3,1,27,0
2022-12-15,W.P. Putrajaya,30,74,445,1,0,27,2
2022-12-16,W.P. Putrajaya,17,58,404,0,2,15,0
2022-12-17,W.P. Putrajaya,28,31,401,0,1,25,2
2022-12-18,W.P. Putrajaya,19,5,415,1,0,18,0
2022-12-19,W.P. Putrajaya,21,18,418,0,1,20,0
2022-12-20,W.P. Putrajaya,14,53,379,1,1,12,0
2022-12-21,W.P. Putrajaya,18,31,366,3,0,15,0
2022-12-22,W.P. Putrajaya,13,30,349,0,0,11,2
2022-12-23,W.P. Putrajaya,34,13,370,2,1,29,2
2022-12-24,W.P. Putrajaya,24,28,366,1,0,23,0
2022-12-25,W.P. Putrajaya,21,19,368,0,0,20,1
2022-12-26,W.P. Putrajaya,11,21,358,0,0,11,0
2022-12-27,W.P. Putrajaya,4,14,348,1,0,3,0
2022-12-28,W.P. Putrajaya,13,18,343,0,0,12,1
2022-12-29,W.P. Putrajaya,21,13,351,2,0,19,0
2022-12-30,W.P. Putrajaya,22,34,339,3,3,15,1
2022-12-31,W.P. Putrajaya,17,24,332,0,1,16,0
2023-01-01,W.P. Putrajaya,8,21,319,0,0,8,0
2023-01-02,W.P. Putrajaya,11,11,319,0,0,11,0
2023-01-03,W.P. Putrajaya,5,4,320,0,0,4,1
2023-01-04,W.P. Putrajaya,13,13,320,1,1,11,0
2023-01-05,W.P. Putrajaya,13,21,312,1,1,10,1
2023-01-06,W.P. Putrajaya,24,37,299,0,4,20,0
2023-01-07,W.P. Putrajaya,8,17,290,0,0,8,0
2023-01-08,W.P. Putrajaya,9,8,291,0,0,8,1
2023-01-09,W.P. Putrajaya,11,11,291,3,2,6,0
2023-01-10,W.P. Putrajaya,9,5,295,1,0,8,0
2023-01-11,W.P. Putrajaya,10,13,292,3,1,6,0
2023-01-12,W.P. Putrajaya,8,12,288,1,0,7,0
2023-01-13,W.P. Putrajaya,13,24,277,0,3,10,0
2023-01-14,W.P. Putrajaya,9,8,278,1,0,7,1
2023-01-15,W.P. Putrajaya,8,9,277,0,1,7,0
2023-01-16,W.P. Putrajaya,4,11,270,0,0,4,0
2023-01-17,W.P. Putrajaya,4,9,265,0,0,4,0
2023-01-18,W.P. Putrajaya,16,10,271,1,1,14,0
2023-01-19,W.P. Putrajaya,11,8,274,1,0,9,1
2023-01-20,W.P. Putrajaya,9,13,270,0,0,8,1
2023-01-21,W.P. Putrajaya,6,9,267,0,0,6,0
2023-01-22,W.P. Putrajaya,5,8,264,0,0,5,0
2023-01-23,W.P. Putrajaya,7,4,267,0,0,6,1
2023-01-24,W.P. Putrajaya,1,4,264,0,0,1,0
2023-01-25,W.P. Putrajaya,5,16,253,1,0,4,0
